first_name,last_name,age,city,career,income
Alysa,Pentercost,60,Vithkuq,Support,102081.24
Shelden,Sainsbury-Brown,70,Satuba,Legal,67953.88
Trevar,Thornton-Dewhirst,28,Axioúpoli,Research and Development,73236.43
Cchaddie,Coye,49,Shaoha,Legal,77842.96
Annecorinne,Irnys,63,Paris 07,Support,84368.5
Wileen,Dearell,65,Mufushan,Sales,82224.66
Quinton,Sjostrom,63,Bridgewater,Training,69444.47
Clerc,Ricardo,19,Goúvai,Training,71271.38
Gaven,Robertz,65,Muang Pakxan,Product Management,71942.61
Mehetabel,Robertis,44,Dongjiang Matoukou,Training,84914.0
Marti,Roscrigg,55,Sergach,Human Resources,88749.66
Bent,Brodest,63,Alvaro Obregon,Support,83034.58
Keely,Thumim,53,Nestório,Support,52807.1
Jessi,Huxster,44,Kawangu Satu,Product Management,74060.1
Tilly,Stollsteiner,50,Jamundí,Legal,56199.17
Ginnifer,Metcalfe,51,Bayt ‘Adhāqah,Research and Development,78289.67
Letisha,Scouller,45,Emmaboda,Training,67549.5
Byram,Kobes,60,São Lourenço do Sul,Business Development,57802.28
Nadiya,Samter,53,Székesfehérvár,Engineering,85471.59
Jared,MattiCCI,46,Jambangan,Support,82472.13
Imogene,Peppard,38,Huangcun,Human Resources,88227.78
Hephzibah,Archbell,35,Bor,Support,79516.71
Paolina,Jantet,45,Skövde,Product Management,84520.9
Dulcia,Jozwik,51,Hushan,Product Management,77126.7
Penni,Kelcher,80,Gatesville,Human Resources,63190.44
Norton,Jurs,51,Kawungsari,Accounting,81250.6
Christabel,Dickon,55,"Hospitalet De Llobregat, L'",Services,94387.48
Francine,Feckey,45,Gorelovo,Services,79338.36
Sinclair,Cotmore,50,Ilebo,Engineering,69578.01
Torr,Garley,45,Cluses,Accounting,79948.31
Ethe,Tissiman,37,San Antonio,Accounting,97152.29
Adelaide,Rijkeseis,51,Gelsenkirchen,Sales,68073.06
Vincent,Canto,22,Izumo,Marketing,78479.32
Felicia,Spilsburie,14,Iba,Engineering,44905.85
Dagmar,Guilfoyle,47,Garibaldi,Accounting,68725.43
Roxine,Batchelder,50,Pasirtundun,Business Development,66834.0
Inger,Forty,34,Bila Tserkva,Human Resources,66784.9
Moyna,Jaslem,51,Rrasa e Sipërme,Training,78215.96
Isidore,Joysey,56,Stulovo,Services,67867.71
Druci,Yanukhin,55,Potongan,Sales,77193.1
Timmi,Peppin,29,Maojiadian,Support,84775.11
Grayce,Lineham,59,Pedreira,Sales,68067.19
Ros,Gonneau,69,Psary,Marketing,75392.02
Donny,Jillett,69,Omuthiya,Product Management,70609.24
Filippo,Giovani,31,Święciechowa,Product Management,85128.84
Nickie,Fulbrook,43,Stanisław Dolny,Support,79958.91
Wilhelm,Diggins,51,São Paulo,Sales,75113.96
Conrad,MacAlpin,60,Quyangqiao,Marketing,58317.22
Melanie,Goracci,46,Sagua de Tánamo,Engineering,83512.35
Rina,Murdy,39,Washington,Accounting,61387.4
Xena,Hannaford,46,Vievis,Research and Development,86662.85
Chaddy,Ewbanche,60,Uyovu,Human Resources,67525.35
Kendrick,Buttrey,41,Kotabaru,Support,64002.0
Mariette,Boundy,,Dār an Naşr,Services,73535.99
Hardy,Lygo,53,Světlá nad Sázavou,Support,65492.77
Kearney,Ribbens,63,Kumanis,Accounting,66919.7
Carrie,Luipold,61,San Francisco,Legal,64554.97
Rafferty,Vina,35,Tucson,Sales,87491.01
Tammara,Germaine,72,Utrecht (stad),Marketing,112657.82
Susy,Labdon,39,Čair,Accounting,56927.55
Ginni,Beynon,68,Milovice,Legal,81405.35
Lyndsie,Mazzey,41,Jabon,Sales,67933.57
Marcie,Ross,72,Fort Worth,Support,87830.86
Algernon,Jolin,31,Xiliguantun,Services,62761.05
Joshua,Viant,37,Besançon,Product Management,49120.25
Kilian,Cars,29,San Bautista,Training,78986.91
Brice,Matzke,56,Letovice,Services,59958.12
Vito,Dyzart,54,Hongos,Engineering,58660.04
Marianne,McNee,58,Shinjō,Engineering,65618.58
Desmond,Winsper,62,Nikulino,Support,84601.53
Penn,McGloin,46,Rosmalen,Product Management,75146.54
Rodrique,Cecere,40,Dawang,Engineering,76797.95
Ellene,Odgers,41,Krajan,Marketing,75793.47
Sherman,Newman,52,Krajan Puru,Accounting,91448.89
Norry,Shears,36,Pitanga,Accounting,92114.65
Reagen,Westoff,66,Bamnet Narong,Research and Development,67765.17
Steven,Bielefeld,45,Pasirreungit,Services,102100.56
Candida,Brellin,40,Thompson,Services,80592.16
Red,Tebbutt,39,Novoderevyankovskaya,Services,64828.17
Juliette,Maystone,46,Thị Trấn Yên Thịnh,Legal,79220.72
Farah,Heffy,63,Tanumshede,Legal,67742.33
Catlee,Corby,49,Sheli,Accounting,82607.78
Donnajean,Jendrach,38,Kumba,Accounting,62964.35
Halimeda,Doge,54,Wulipu,Services,94488.79
Layney,Enstone,,Tomepampa,Marketing,83122.9
Alasdair,Van Halle,49,Kurayyimah,Sales,57602.43
Papageno,Benge,61,Tairan Camp,Business Development,64253.4
Ivonne,Di Maria,58,Chocz,Business Development,89976.06
Alard,Omar,45,Port Colborne,Marketing,71472.91
Jefferey,Ekless,59,Tqibuli,Business Development,72943.15
Alejandra,Radbourn,58,La Dorada,Business Development,84664.28
Ginnie,Noen,46,Sarany,Training,61420.73
Rafferty,Moseby,51,Puerto Obaldía,Legal,59125.63
Joycelin,Maker,59,Gandara,Sales,94590.53
Rebecka,Alderman,59,Oliveira,Engineering,91837.18
Iosep,Dignam,,Murmino,Human Resources,69746.98
Ole,Davys,27,Sukasari,Marketing,82942.09
Goran,Ortzen,66,Pinheiro,Sales,73993.56
Valma,Yesenev,58,Tshikapa,Marketing,83259.61
Elvina,Andreix,53,Uwelini,Sales,75535.39
Cord,Sallowaye,57,Al ‘Awjah,Accounting,62818.1
Godfrey,Dagwell,52,Seogeom-ri,Business Development,104476.26
Sheffy,Danne,43,Shuigou’ao,Accounting,68221.42
Kelly,Pettit,47,Manquiring,Services,74794.77
Calli,Ugolotti,56,Hetou,Training,87194.92
Katlin,Matskevich,36,Valejas,Training,71428.03
Manda,Gerrad,40,Sarrat,Accounting,60906.65
Carleton,Williams,27,Huacheng,Product Management,81193.19
Sada,Hayer,57,Alto do Estanqueiro,Sales,95368.76
Wernher,Harcourt,51,La Poma,Business Development,54635.23
Julina,Lutman,43,Uppsala,Services,74167.06
Rudiger,Hughlock,49,Lacdayan,Accounting,75263.65
Anthony,Borgne,31,Carania,Services,68291.08
Hermione,Ewbanche,27,Varazqān,Sales,53793.28
Zaria,Eye,38,Kesambilerenkrajan,Legal,56717.41
Laure,Gosden,30,Nový Hrozenkov,Engineering,83737.32
Matilda,Draycott,58,Carleton Place,Legal,76610.63
Binnie,Deuss,52,Az Zintān,Research and Development,88800.93
Sisely,Parcell,65,Kuźnia Raciborska,Research and Development,64867.74
Rolf,Feares,39,Castlebellingham,Product Management,64590.99
Oralle,Worrill,43,Abovyan,Human Resources,72095.49
Dodie,Peris,48,Sirnaresmi,Research and Development,73945.12
Lara,Harmer,45,Tangxian,Training,77959.84
Jilly,Whitwell,45,Đưc Trọng,Services,80864.75
Eben,Skate,35,Somita,Research and Development,79862.42
Jacques,Stonman,54,Yumbe,Human Resources,71564.53
Penrod,Navan,34,Widuchowa,Support,90965.23
Vivie,Gilffilland,56,Bin’an,Marketing,81411.72
Linell,Bushel,45,Salegading,Training,62493.75
Randene,Sherringham,67,Zizhao,Research and Development,67575.42
Svend,Rubbens,60,Lindavista,Marketing,50096.56
Roslyn,Danielkiewicz,35,Cibangban Girang,Research and Development,44588.24
Thacher,Joye,36,Ngilengan,Sales,72832.09
Vick,Tallman,45,Gaoqiu,Business Development,64095.37
Salli,Unger,39,Provo,Research and Development,64478.79
Meghann,Betty,44,Xuân Trường,Legal,87315.9
Wash,Girth,40,Ash Shajarah,Product Management,82255.7
Malena,Van der Daal,45,Xiaolongmen,Engineering,92697.35
Hewie,Scarrott,20,Sulengwaseng,Marketing,66467.26
Creighton,Abramovici,48,El Hajeb,Accounting,66766.38
Marion,Haydney,36,Santa Maria,Support,90242.96
Nert,Shapter,,Congkar,Services,63775.35
Jackson,Pinckney,54,Zhenyuan,Accounting,69169.74
Tanney,Menhenitt,48,Sever do Vouga,Support,61656.87
Ardis,Linzee,20,Fiães,Legal,56593.75
Kathryne,Harnes,29,Taibai,Human Resources,91297.98
Rowan,Curphey,43,Kainantu,Research and Development,87010.29
Georgie,Sawl,62,Sendangkemulian,Accounting,78587.76
Bernadina,Waple,41,Ugljan,Services,75436.95
Micah,Phythian,59,Quesada,Product Management,80062.28
Carmelle,Tassel,39,København,Services,76076.03
Yanaton,Warman,,Yangping,Legal,73085.91
Adair,Beecroft,68,Ferbane,Product Management,79382.12
Bartholemy,Dabnor,50,Marcara,Legal,55493.13
Auberon,Bilt,41,‘Awartā,Training,64278.62
Margette,Powis,56,Birštonas,Engineering,103736.54
Port,Gilligan,59,Bandungan Timur,Training,94437.93
Rosalynd,Rubury,58,Meiyuan,Engineering,70021.59
Teador,Rozzier,55,El Lolo,Sales,84736.44
Christi,Obert,59,Reforma,Legal,85370.24
Coralyn,Wesgate,48,Xinyang,Business Development,62350.92
Karine,Odeson,51,Tajao,Training,92511.11
Darrelle,Wadworth,60,Datangzhuang,Product Management,75837.73
Ruprecht,Polkinhorn,27,Dongting,Accounting,61182.05
Susanne,Gerin,36,Kirove,Business Development,70592.21
Faustina,Malitrott,39,Wushan,Engineering,58253.73
Wiley,Duprey,49,Engenho,Training,75957.87
Letta,Moorcroft,49,Yunyang,Support,71688.17
Marvin,Elgey,30,Gostagayevskaya,Marketing,86720.71
Jo ann,Brendish,49,Jiahe,Training,70182.77
Garret,Boatright,66,Piuí,Human Resources,79854.16
Kerianne,Chsteney,45,Krajan Pangkah Kulon,Business Development,73749.83
Mahmud,Bowyer,53,Saint-Péray,Legal,75638.59
Jerry,Illiston,50,Morong,Product Management,84098.05
Felizio,Bras,53,Dankunku,Business Development,63888.14
Eleni,Mathan,62,Maji,Marketing,65073.46
Theda,De Cleen,41,Bački Petrovac,Legal,87265.82
Rollin,Rishbrook,72,Lin’an,Sales,47959.06
Brittni,Uccelli,59,Ghanzi,Accounting,63392.04
Gael,Earthfield,61,Pátmos,Legal,82864.84
Valene,Litherborough,49,Dijon,Training,113675.84
Britt,Fishleigh,49,Hanjiashu,Training,81919.84
Keely,Nusche,40,Rio Negrinho,Support,79283.91
Alick,Persitt,61,Xianchiyu,Product Management,75416.84
Bryn,Gascoyen,55,Nazca,Research and Development,67632.02
Thaxter,Argabrite,53,San Fernando de Monte Cristi,Product Management,61210.72
Winn,Stooders,38,Santa Cruz do Capibaribe,Human Resources,78791.3
Kristi,Heinish,39,Sang-e Māshah,Human Resources,86855.9
Zelig,Agostini,44,Zhabagly,Legal,73494.23
Dianne,Whitehall,,Tanjungrejo Lor,Accounting,68969.94
Ilene,Howlett,42,Namerikawa,Business Development,87967.61
Desiree,Flippelli,59,Verbivka,Business Development,58087.08
Kayne,Norley,37,Katunayaka,Services,87620.85
Freda,Borge,55,Donggaocun,Training,77197.55
Mady,Flett,52,Lipnica,Support,63133.95
Kanya,Cohen,63,Limoges,Business Development,77465.15
Nollie,Heffernan,48,Ishikari,Sales,74420.0
Kaitlin,Van Cassel,58,Sucha,Marketing,77024.23
Barbara,Breem,64,Hưng Yên,Engineering,71271.0
Elissa,Rummer,66,Tangjin,Services,82213.42
Joaquin,Gian,46,Bicurga,Product Management,87932.32
Eran,Treske,16,Shahe,Human Resources,73347.22
Rollin,Snellman,54,Hassi Berkane,Human Resources,90942.84
Jesse,Alexis,49,Santo Niño,Sales,72789.0
Abbott,Wooderson,60,Qingshan,Training,80005.53
Alma,Borges,43,Medalem,Training,87513.62
Desiree,Kenrick,52,Eauripik,Product Management,82736.14
Jonas,Dellar,55,Río Sereno,Services,93130.34
Hartwell,O'Mailey,69,Nizhneivkino,Support,73398.25
Eartha,MacKonochie,61,Zharrëz,Product Management,78501.28
Bekki,Oloshin,60,Tupambaé,Engineering,69096.1
Hercule,Lemarie,39,San Antonio,Sales,57723.87
Kira,Fludgate,61,Checacupe,Sales,85957.43
Leanna,Farncombe,56,Paradahan,Legal,84017.25
Halsey,Biles,60,Niort,Training,76167.26
Arman,Churly,40,Santo André,Accounting,62701.02
Emmaline,Monteith,47,Besteiros,Support,67219.68
Jabez,O' Reagan,,Salavan,Support,89727.0
Judah,Murcott,45,Morrinhos,Business Development,71368.59
Adriena,Yushkin,38,Cambuí,Business Development,54808.6
Penny,Rudland,52,Tairan Camp,Training,76368.25
Lothaire,Triswell,40,Lintingkou,Research and Development,67038.89
Issiah,Caplin,55,Rizal,Marketing,66993.11
Brendon,Iacovacci,56,Wanga,Business Development,58944.97
Lyndsey,Vasyuchov,65,Chiriguaná,Sales,58094.45
Derward,De Caville,48,Yangdu,Services,59425.64
Roseann,Mattusevich,59,Longtang,Product Management,87486.37
Selinda,Frankiss,39,Yamethin,Marketing,83856.53
Elsa,McLese,,Huaihua,Engineering,55893.66
Kassia,Holehouse,51,Dajasongai,Marketing,83101.95
Cathrine,Durnin,43,Bykhaw,Human Resources,82178.36
Briney,Baddiley,42,Bissen,Support,79251.51
Cinnamon,Simonite,32,Isiro,Business Development,68168.32
Belicia,Brahmer,48,Itapema,Business Development,88340.44
Taffy,Neathway,50,Hexi,Support,57043.66
Edsel,Minguet,44,Brusyanka,Marketing,71239.43
Reinold,Heinke,51,Sukasirna,Research and Development,67470.41
Everett,Willard,56,Sabugueiro,Training,68586.8
Halsey,Fonzo,36,Mikumi,Human Resources,56773.69
Rolf,Pogson,36,Ełk,Human Resources,88774.95
Ebeneser,Fessby,25,Adelaide Mail Centre,Accounting,67219.74
Dimitry,Alpine,74,Osias,Services,65359.73
Trueman,Clausner,45,Bassano,Accounting,64625.33
Minetta,Roof,60,Seredyna-Buda,Research and Development,70784.26
Enrique,Boss,45,Qiucun,Services,71447.43
Nowell,Radnedge,61,Cayenne,Research and Development,61944.72
Francklyn,Holstein,60,Gatak,Services,73279.78
Devlin,Ouchterlony,55,Namangan,Engineering,88408.29
Jens,Dollard,48,San Luis,Research and Development,70103.02
Max,Scougal,35,Tamra,Services,59823.62
Randie,Bolens,50,Al Mazzūnah,Business Development,78396.43
Vere,Marcoolyn,35,North Side,Support,77317.23
Jess,McCartan,45,Chegutu,Marketing,61755.16
Dayle,Hagerty,51,Bjelovar,Engineering,99512.87
Jemmy,Filyakov,81,Miechów Charsznica,Engineering,80399.74
Blondie,Winship,44,Piggs Peak,Sales,84847.17
Taylor,McClintock,53,Masape,Business Development,77064.23
Brocky,Cobbledick,61,Xomong,Engineering,76449.97
Dulci,Costan,71,Đắk Song,Marketing,32506.84
Francyne,William,45,Qinghe,Training,82905.31
Lois,Self,35,São João do Campo,Legal,68667.92
Dion,Gergely,51,Kon Dơng,Product Management,76305.7
Joane,Devey,48,Nakhon Phanom,Research and Development,72764.73
Travus,New,41,Bereeda,Accounting,62394.14
Lara,Ezzle,36,Rettikhovka,Human Resources,70940.29
Daphene,Wrigley,53,Ntaur Satu,Accounting,55577.51
Delmor,Corteney,29,Mozhga,Services,72420.32
Gregoire,Fallow,50,Alhambra,Training,93481.58
Agata,Kares,42,Lubbock,Research and Development,85431.92
Serene,Berzin,48,Nový Knín,Marketing,72153.66
Dela,Brunone,46,Taphan Hin,Research and Development,46056.27
Helene,Rowan,56,Chillán,Human Resources,62155.39
Laurette,McCrie,40,Gulod,Sales,81965.0
Demetre,Vain,41,Reitoca,Legal,62261.29
Dulcine,Dressel,28,Bejuco,Legal,73333.12
Laurianne,Archard,64,Carice,Marketing,87358.4
Thane,Workes,42,Baghdad,Services,92589.37
Fulton,Onyon,51,Sterlibashevo,Legal,78437.21
Hailey,Alflat,44,General Santos,Support,76676.47
Kahaleel,Kilshall,54,Semamung,Accounting,83461.29
Cherilynn,Trench,65,Tando Jām,Accounting,78302.5
Hilda,Simnell,55,Kaliska,Business Development,68755.35
Anita,Vondrach,32,Rumenka,Sales,82995.56
Dulciana,Gowans,48,Concepción,Business Development,76022.68
Pepita,Novis,26,Suhopolje,Services,82062.51
Ugo,Gosland,58,Si Somdet,Support,94323.88
Evvie,Emtage,34,Murmuiža,Legal,74560.45
Gilbertina,Hartle,49,Kamień Pomorski,Sales,78961.83
Guinna,Bullocke,21,Chengjiang,Human Resources,78771.76
Aylmer,Maylott,39,Wenceslau Braz,Engineering,55713.66
Jany,Jeandel,65,Birnin Kebbi,Services,69521.67
Marley,Kinghorne,59,Gasri,Product Management,96772.0
Rhianna,Wickey,52,Kučevo,Marketing,68362.47
Emlen,Wimbridge,36,Paris 13,Product Management,75531.41
Clementius,Brose,35,Kvartsitnyy,Product Management,80379.92
Ezmeralda,Kelbie,,Kamieniec Wrocławski,Product Management,91667.56
Sada,Kendred,54,Ban Pong,Research and Development,76517.9
Carolann,Press,38,Tonga,Marketing,76807.82
Karlis,Malkin,31,Palena,Training,88630.72
Glori,Easterfield,31,Yessentuki,Marketing,90077.45
Sibel,Sibbit,41,Slavonice,Business Development,82063.64
Marena,Hamman,,Jieheshi,Services,70260.72
Francene,Strognell,57,Nakonde,Services,75303.58
Rhys,Kort,61,Kalapagada,Accounting,84752.09
Godfry,Bartles,59,Ochojno,Sales,87552.15
Moira,Dalzell,52,Dafeng,Services,70752.78
Darline,Magarrell,67,Horana South,Training,72810.07
Vittoria,Merfin,47,Tuopu Luke,Legal,70947.96
Betsey,Bleazard,44,Przodkowo,Marketing,73742.28
Fernanda,Ovey,35,Pirallahı,Training,81797.29
Berni,Jowers,40,Nanxing,Product Management,68735.73
Rouvin,Collcott,42,Dehang,Product Management,64478.72
Teodor,McVitie,33,Sogod,Marketing,68409.95
Lani,MacConnechie,,Lavradio,Engineering,84523.66
Nelle,Buie,48,Ipiales,Services,66901.51
Simone,Giacoppoli,59,Suso,Research and Development,57943.06
Findlay,Dast,54,Damu,Business Development,75878.25
Stanly,Tuison,,Bayt Sāḩūr,Marketing,78931.27
Kerry,Greenhill,37,Toki,Legal,61494.75
Cherin,Schustl,,Tubuhue,Business Development,65985.25
Mordy,Alpes,51,Yiqian,Marketing,71869.31
Verla,Mion,44,Izborsk,Support,55493.05
Analise,Vandrill,36,Mikstat,Accounting,50612.62
Matthaeus,Chattell,52,La Dorada,Services,61340.13
Clarita,Marnes,47,Luar,Support,81898.69
Hollyanne,Gabbott,48,Zopilotepe,Legal,84384.45
Domenico,Bradburn,34,Reutlingen,Services,76160.94
Cosette,Faughey,76,Chaman,Marketing,72182.86
Adan,Nellen,53,Mbinga,Engineering,75671.04
Alethea,Campe,,Sobreira,Support,71380.45
Maris,Bidgod,47,Yonggu,Product Management,79095.23
Georgie,Knight,43,Gangmian,Accounting,81535.39
Lew,Patifield,66,Stockholm,Support,68759.0
Brook,Klemencic,35,Mértola,Marketing,75170.37
Saul,Cranna,50,Riyadh,Research and Development,85524.89
Kaitlin,Giannini,,Ngchesar Hamlet,Business Development,73522.42
Rudolf,Lipgens,58,Buenos Aires,Research and Development,82663.85
Nomi,Crystal,43,Aguadas,Training,58499.23
Siegfried,Woolger,41,Encrucijada,Services,86859.98
Rhys,Hanington,50,Babiak,Business Development,56394.62
Starlin,Learmount,41,Parengan,Research and Development,63304.34
Moselle,Danelet,60,Chester,Product Management,67721.58
Fania,Mathison,50,Tyumen,Sales,72502.52
Keefe,Bennit,62,Liren,Engineering,83555.65
Reena,Blazejewski,55,Bria,Support,79889.07
Darell,Larcier,47,Hufeng,Legal,100274.49
Shandeigh,Felmingham,44,Nyinqug,Product Management,51561.58
La verne,Duchesne,44,Nampera,Research and Development,84073.54
Jade,Akid,62,Xiushan,Legal,68393.78
Loni,Binney,48,Salgueiro,Engineering,82066.55
Abran,Rabl,81,Kolumbug,Sales,73506.08
Pincus,Benterman,49,Novi Bilokorovychi,Research and Development,50468.51
Maud,Gorwood,22,Biharamulo,Sales,61503.66
Catina,Redhole,47,Huangpu,Training,71983.06
Ursuline,Fitzhenry,35,Bystřany,Marketing,57613.92
Noellyn,Probbings,57,Setaka,Marketing,69875.92
Hastings,Kelso,50,Selydove,Human Resources,88933.64
Angelina,St Leger,42,Zafar,Support,55611.29
Cazzie,Wildey,,Aubenas,Accounting,94977.28
Gerladina,Olivey,40,Dallas,Marketing,72756.1
Hollyanne,Train,42,Vetrino,Services,86478.49
Hallsy,Linden,61,Yangp'yŏng,Sales,67909.31
Bradford,Lea,58,Lian’an,Training,65723.85
Mindy,Badgers,70,København,Support,86328.72
Harland,Bilson,36,Inriville,Human Resources,64791.78
Felizio,Mackley,56,Onguday,Human Resources,76470.52
Herbie,Daniele,39,Seč,Product Management,59586.42
Karel,Flott,60,Qīr,Legal,66218.25
Kaia,Gilliard,66,Araulí,Human Resources,82316.95
Rayshell,Stucksbury,50,Chiguirip,Product Management,70982.55
Leicester,Ragles,45,Nancheng,Legal,78869.63
Loise,Ogilvy,,Nanyaojie,Human Resources,74438.4
Dominic,Gabbitis,60,Shah Alam,Legal,70983.6
Oby,Moyse,43,Evinayong,Legal,95804.11
Pavel,Kilduff,24,Boco,Human Resources,60761.84
Keen,Stive,24,Liancheng,Human Resources,102932.4
Serge,Hatliffe,47,Beishan,Training,92152.01
Lotte,Dayer,52,Uzyn,Business Development,75398.86
Luisa,Cordy,55,Jun’an,Human Resources,85236.25
Benita,Tiplady,54,Komi,Services,95688.14
Cariotta,Churm,39,Rio das Ostras,Research and Development,90636.86
Conny,Trevain,32,Judaydah,Marketing,83372.36
Mira,Akam,60,Edéa,Sales,79427.82
Nessy,Cordero,55,Wasilków,Engineering,73536.48
Ilise,Auston,55,Arasji,Marketing,72984.32
Conan,Dufore,53,Cherskiy,Training,66849.64
Timmie,Steutly,52,Suita,Sales,50649.75
Jania,Bonfield,51,Cruzeiro do Sul,Business Development,75863.47
Forest,Jacobssen,53,Miyazaki-shi,Services,98490.97
Myrwyn,Likly,52,Arcena,Product Management,65374.02
Kingsley,Derell,36,Sobreira,Marketing,68165.44
Melita,Chislett,34,San Bernardo,Accounting,77653.08
Kilian,Stubs,66,Maumere,Sales,76830.6
Belvia,Bethel,57,Banzão,Services,57385.86
Pauli,FitzAlan,46,Bibrka,Sales,83566.59
Jorgan,De Hailes,30,Bergen,Support,70457.18
Junina,Wassung,40,Salekhard,Human Resources,68687.66
Marcel,Shelliday,27,Anguera,Support,70817.28
Linc,Gain,65,Banjar Laing,Engineering,63384.69
Valeria,Cumber,51,Raposos,Legal,68144.46
Valentina,Scarasbrick,46,Springfield,Human Resources,74270.99
Massimiliano,Alans,30,Lecheng,Training,61715.15
Grant,Starsmeare,33,Ban Na,Services,45154.53
Alyss,Hardaway,48,Xincun,Sales,55043.56
Errol,Kopf,40,Fengli,Legal,92692.44
Ken,Zannotti,41,Tamamura,Human Resources,61014.15
Forester,Clague,62,Tawa,Marketing,65559.55
Josefina,McIlenna,43,Hubynykha,Training,82303.62
Vergil,Attac,47,Berendeyevo,Support,64799.74
Jelene,Haggleton,36,Lazeshchyna,Accounting,60593.85
Dene,Vauter,31,Las Sabanas,Engineering,55049.64
Aloin,Messenbird,47,Athlone,Human Resources,87608.08
Melba,Benninck,49,Winschoten,Human Resources,70521.53
Vina,Cassidy,43,Krapyak Kidul,Research and Development,83545.91
Ludovika,Booi,52,Jieyang,Accounting,78895.37
Rina,Lent,52,Pilníkov,Research and Development,67024.72
Adolf,Bartles,40,Tonoas Municipal Building,Research and Development,73314.93
Tarrance,Braksper,49,Nanbao,Services,88865.73
Maritsa,Spoure,50,Verkhniy Kurkuzhin,Accounting,72284.62
Felix,Heindrich,52,Bakunase,Marketing,58239.16
Davine,Kenningham,52,Makumbako,Engineering,71228.39
Kellby,Mc Elory,,Taytayan,Training,83421.78
Ax,Thrussell,46,Yŏnan-ŭp,Product Management,71489.66
Mary,Derington,57,Zrenjanin,Services,77703.93
Olvan,McLese,29,Rättvik,Research and Development,67518.39
Ranique,Stidson,64,Yacuiba,Support,51833.29
Joell,Tillett,37,Shal’skiy,Research and Development,76292.31
Shae,Gedge,45,Savalou,Research and Development,98682.23
Vin,Otterwell,55,Anjiang,Marketing,83978.79
Philomena,Wray,58,Shicong,Legal,81637.87
Ariana,McQuorkel,31,Barakani,Product Management,72008.54
Elly,Cleminshaw,26,Liangdang Chengguanzhen,Business Development,54165.38
Mill,Rappaport,47,eSikhawini,Product Management,77226.65
Laird,Kinghorne,48,Sampaloc,Accounting,99032.09
Denni,Franklen,45,Pandanwangi,Training,87677.85
Evangelin,Passey,,Muleba,Legal,58712.99
Kamillah,Densun,56,Jingu,Sales,68238.86
Ailey,Houldin,39,Yandun,Engineering,61496.39
Florence,Butterick,35,Thị Trấn Tam Sơn,Product Management,76629.85
Fanya,Rookledge,35,Bells Corners,Marketing,80710.19
Bianca,Devitt,80,Sumbawa Besar,Product Management,73802.37
Craggie,Croce,,Hanfeng,Engineering,80205.55
Renaud,Whissell,36,Wuluhan,Human Resources,70765.04
Jdavie,Ortet,44,Rychwał,Accounting,53600.94
Stormi,O'Reilly,50,Wanli,Accounting,55165.06
Jamey,Claibourn,60,Portland,Accounting,97784.05
Mara,Mardle,67,Kiel,Training,50551.25
Nikola,Warnes,43,Diavatá,Engineering,74792.79
Mathew,Matushenko,47,Wanghu,Services,51962.01
Rutherford,Toxell,41,Iiyama,Marketing,66482.9
Cory,Standon,52,Horad Smalyavichy,Product Management,95944.33
Bernardine,Bon,63,Tucheng,Training,59631.22
Happy,Fuxman,,Radenković,Accounting,77939.83
Fidel,Garthshore,,Enshi,Sales,75342.55
Gwendolin,Ziehm,24,Jiaohu,Business Development,71105.02
Lorianna,Pedycan,39,Bantarpanjang,Business Development,77764.84
Ailene,Cossor,46,Taipingxu,Training,76420.6
Jayson,Irving,9,Ţahţā,Engineering,78719.2
Berni,Caffrey,48,Jocotenango,Legal,62162.06
Berke,Cannell,72,Soio,Support,72985.53
Calhoun,Tremoulet,51,Béboto,Services,91766.51
Phillipe,Bladon,63,Nāḩiyat as Sab‘ Biyār,Business Development,78182.98
Shayla,Sheals,34,Baliuag Nuevo,Business Development,89595.59
Arnold,Whybray,43,Trnava,Business Development,70177.64
Pedro,Beggio,56,West End,Legal,53389.78
Greta,Tremain,72,Haradzishcha,Accounting,72676.25
Karel,Wharmby,54,Andradina,Support,85635.71
Aldous,Caudray,59,Bayt Maqdūm,Business Development,66363.34
Ogden,Ruberti,51,Rízoma,Marketing,65965.85
Rosita,Kitley,,Naukšēni,Legal,78350.67
Babita,Mergue,73,Huanza,Services,79379.52
Emlyn,Saladin,34,San Carlos,Product Management,77667.97
Chrissy,Walbridge,45,Vetluzhskiy,Marketing,83330.58
Joaquin,Upfold,54,Älmhult,Sales,79732.8
Christine,McLennan,40,Stockholm,Services,86104.47
Bail,Beneyto,43,Vale de Vila,Marketing,79061.46
Euphemia,Horlick,66,Sumurwaru,Legal,64744.99
Pattie,O'Heagertie,,Mount Frere,Support,84621.2
Emmalyn,Petrolli,35,Yangzizhou,Business Development,83524.77
Aurea,De Brett,50,Naebugis,Services,75855.61
Catherine,Sumsion,52,Salinungan Proper,Product Management,84023.74
Dorisa,O'Fairy,43,Penedono,Business Development,43189.8
Llywellyn,Slaght,50,Famaillá,Sales,93153.28
Cherice,Monkton,56,Saripin,Training,85631.57
Kathryn,Jellard,58,Heitan,Engineering,59582.67
Udall,Watson,42,Antang,Human Resources,68799.5
Trixy,Benmore,58,Nová Cerekev,Engineering,61450.95
Edith,Sexti,46,Wonopringgo,Business Development,93136.94
Iona,Greaterex,59,Agogo,Research and Development,100495.14
Danette,Tuddenham,27,Bogdaniec,Accounting,73536.69
Olympia,Morrid,41,Karanggedang,Legal,77840.55
Thorndike,Yu,55,Selaawi,Services,93146.49
Rolando,Crauford,42,Kota Kinabalu,Engineering,78331.81
Jesselyn,Hellin,48,Makurazaki,Services,90208.2
Mireille,Hansen,51,Tongzhong,Legal,80808.48
Jammal,Bicksteth,41,Loen,Legal,64636.21
Terry,Bugden,64,Liuzu,Support,78925.95
Lindsay,Yerby,43,Bayang,Services,93386.47
Aila,Mournian,35,Bautista,Sales,78710.87
Sophronia,Odam,65,Yantian,Sales,79976.74
Griffin,Worden,,Jeding,Support,57498.42
Jule,Sysland,45,Calanogas,Business Development,89527.57
Gussie,Darrigoe,61,Evansville,Research and Development,90590.74
Moina,Alabone,50,Maji,Engineering,52537.55
Sonya,Jealous,52,Puncaktugu,Business Development,66589.73
Noah,Tuxill,47,Makiwalo,Training,72628.37
Erinn,Toplin,,Boulogne-Billancourt,Human Resources,70026.12
Saundra,Abramsky,34,Dongen,Business Development,53789.39
Corissa,Rickersey,52,Silago,Research and Development,94495.26
Charin,Needs,43,Uthai,Support,69075.06
Alon,Hardinge,38,Berezne,Research and Development,67540.13
Harv,Geere,65,Villa Cañás,Product Management,58522.01
Roley,Wakenshaw,45,Sukasari,Sales,87446.28
Fitzgerald,Hebditch,55,Mierzęcice,Sales,75738.73
Parke,Burgan,44,Xixia,Product Management,67419.46
Fred,Cockerill,66,Guanqian,Business Development,83735.59
Valeria,Jansson,49,La Courneuve,Product Management,68925.21
Birgit,Hutchins,51,Promyshlennovskiy,Engineering,70574.79
Shaylyn,Winslett,32,Zamora,Accounting,73268.52
Yolanda,Faust,67,Pedreira,Training,89969.56
Jenine,Camber,50,Karakul’,Support,74044.94
Marsha,Chiswell,32,Charneca da Cotovia,Accounting,61988.75
Noah,Kochlin,72,Tres Unidos,Marketing,62374.61
Tull,Dixie,57,Manjiang,Business Development,66258.0
Jori,Dioniso,,San Vicente,Product Management,66261.31
Zola,Manning,64,Jhingergācha,Engineering,62759.47
Cordula,Ollington,47,Pogonsili,Accounting,74233.43
Loraine,Neljes,54,Kota Kinabalu,Legal,95709.88
Zondra,McCrae,31,Šibenik,Services,77128.07
Deana,Fawdery,,Ivry-sur-Seine,Product Management,83333.13
Killie,Skeeles,39,Jiangshan,Research and Development,67072.19
Orelee,Everex,61,Sambilawang,Marketing,66118.68
Christye,Coveley,40,Santa Catarina Ixtahuacán,Human Resources,77583.72
Granville,Winterburn,38,Beizhuang,Engineering,51299.24
Ky,Minor,42,Ulichnoye,Accounting,58985.05
Elvera,Rumsey,40,Sumberagung,Training,76770.59
Jeth,Winkett,52,Tuti,Engineering,81836.45
Nikolia,Badrick,33,Lugouqiao,Human Resources,79039.69
Stacee,Woolley,71,Beni Khiar,Marketing,84071.17
Siusan,Traves,47,Mantingantengah,Support,54443.58
Rosalie,Price,54,Fūman,Business Development,83007.99
Marten,Azemar,42,Belgorod,Human Resources,64922.75
Novelia,Peasey,33,Néa Tríglia,Legal,63537.87
Alasteir,Stimson,43,Falun,Support,80750.34
Rosabella,Rapa,53,Kinh Môn,Product Management,73972.84
Bunni,Huncote,46,Huangqiao,Engineering,51969.4
Zed,Chaney,45,Sever do Vouga,Accounting,70747.25
Northrop,Keep,49,Dire Dawa,Human Resources,71384.6
Felisha,Luetkemeyers,37,Thành Phố Lạng Sơn,Sales,65458.73
Den,Ridgedell,39,Xhafzotaj,Marketing,58404.91
Osborn,Bim,56,Ngembo,Engineering,72976.99
Web,Buttel,33,Paulínia,Human Resources,75601.47
Chris,Edwinson,58,Molochnoye,Human Resources,86460.63
Maura,Wylie,53,Primorsk,Marketing,62658.69
Jarred,Clayden,56,Mariara,Support,73721.34
Kris,Rizzetti,31,Kåge,Sales,42215.37
Lindy,Renvoise,44,Kaliuling,Research and Development,66187.11
Dyana,Ramplee,57,Semarapura,Human Resources,66057.08
Joni,Ianson,32,Itupiranga,Services,71200.12
Andee,Rawdall,71,Mulawato,Sales,64730.92
Rutter,Blaasch,57,Bancar,Research and Development,75197.12
Kipp,Calafate,55,Longxing,Sales,77062.3
Fergus,Sandercock,44,Lengshui,Research and Development,84886.66
Guilbert,Kenwood,79,Pledo,Research and Development,75737.2
Peterus,Dewerson,69,Fuxi,Support,64520.33
Kacy,Cranham,48,Phú Khương,Marketing,81735.79
Kara-lynn,Winstanley,48,Dengfang,Training,83601.84
Andy,Wetherell,56,Luchingu,Business Development,65343.04
Moyna,Brownscombe,41,Taiping,Services,54591.01
Zebadiah,Oosthout de Vree,38,Caridad,Services,72865.31
Letitia,Beminster,50,Čakovec,Accounting,73317.47
Huberto,Heigl,72,Ekou,Training,58011.36
Daune,De Maria,30,Patía,Sales,91354.68
Fraze,Klimpt,59,Jalqamūs,Research and Development,67607.81
Marco,McKinlay,34,Xinpo,Engineering,72320.1
Olva,Hankins,55,Santa Ana Huista,Services,99851.01
Danice,MacLaughlin,41,Muleba,Research and Development,63149.45
Adda,Haggerty,68,Chunxi,Human Resources,72672.17
Papageno,Halgarth,52,Lhakangtang,Human Resources,91321.83
Esmeralda,Gerrens,41,Mazańcowice,Legal,84400.89
King,Eouzan,29,Gawanan,Product Management,69171.32
Ivory,Brandolini,,Carolina,Human Resources,52439.6
Ashlin,Goodwell,45,Metz,Accounting,92586.91
Marje,Clubley,52,Otyń,Accounting,75565.23
Brendan,Acland,44,Hà Tĩnh,Training,82465.04
Wait,Turner,56,Espírito Santo do Pinhal,Product Management,80004.79
Estele,Redolfi,42,Villa Ángela,Services,91337.22
Shem,Yorkston,26,Quípama,Training,69662.36
Audi,Goodall,39,Boro,Engineering,70244.79
Donnell,Suddaby,27,Krasnoarmiys’k,Engineering,75365.33
Stacey,Boughtwood,54,Kelowna,Services,51432.14
Carleton,Parker,62,Prudentópolis,Training,75270.1
Evangelin,Dronsfield,38,Oslo,Support,69145.3
Eugenie,Bamforth,36,Yangtan,Accounting,67831.03
Myrtle,Matteau,57,Majiang,Research and Development,57853.92
Cammie,Kimbley,59,Dapitan,Marketing,71114.4
Karoline,Faudrie,52,Ochojno,Accounting,64913.17
Lucy,Roubottom,59,Karangkeng,Training,74244.53
Celesta,Bridywater,68,Zwolle,Human Resources,107217.63
Markus,Tutsell,73,Huji,Human Resources,111928.23
Adria,Dod,60,Karibib,Marketing,75488.15
Rolfe,Leyzell,40,Malinao,Research and Development,86854.11
Winnifred,Trynor,47,El Banco,Sales,75319.81
Laney,Wolfenden,44,San Luis,Support,90950.35
Jeromy,Sallans,64,Kalapanunggal,Sales,60100.66
Robinet,Bosson,31,Łapanów,Services,70780.59
Kania,Booley,50,Tairua,Research and Development,97418.58
Ariana,Scandrett,33,Istaravshan,Sales,72518.34
Jess,Dillway,66,El Rincón,Research and Development,61061.64
Mikey,Durnan,51,Conceição do Araguaia,Business Development,75233.91
Ynes,Cusiter,,Lingkou,Sales,99702.35
Aile,Benettolo,41,Paloh,Sales,63345.63
Anton,Doughtery,31,Komyshany,Sales,48424.41
Allister,Loyd,60,Marilao,Support,56510.75
Chalmers,Huson,43,Kourou,Accounting,84568.84
Tomasina,Antrack,46,Naagas,Human Resources,61298.42
Ramonda,Tyson,37,Temryuk,Accounting,76049.15
Gilberte,Greenley,46,Pu’er,Human Resources,59152.44
Joete,Marquez,42,Macedo de Cavaleiros,Accounting,89676.4
Donella,Copes,39,Balakasap,Human Resources,84113.96
Feodora,Nodes,81,Burgeo,Research and Development,72222.88
Sammy,Tudhope,67,Abreus,Research and Development,71253.24
Babb,Neave,,Kāshmar,Product Management,77637.56
Darb,Vick,26,Teroual,Business Development,77514.85
Marcie,Marlow,69,Hecun,Human Resources,51406.22
Farlie,Clemas,37,Santo Antônio da Platina,Human Resources,52441.18
Austina,Pryke,62,Kez,Sales,73839.62
Dagmar,Manson,28,Rūjayb,Business Development,60066.3
Cordelia,Schwander,46,Itambé,Marketing,82168.88
Muffin,Durante,49,Melaka,Legal,65896.03
Myriam,Galbraith,51,Pujocucho,Legal,69960.48
Branden,Michael,55,Daloa,Research and Development,58656.74
Gran,Tugwell,53,Skillingaryd,Research and Development,77403.42
Martie,Else,36,Luti,Business Development,70653.06
Purcell,Welton,46,Luqa,Research and Development,72871.4
Tabb,Dowty,76,Weiwangzhuang,Business Development,86615.17
Ryann,Oattes,43,Caujul,Research and Development,75348.85
Jule,Chatelain,48,Dante Delgado,Services,89229.31
Solly,Regus,37,Agua Buena,Human Resources,73209.62
Mile,Trenoweth,57,Prestea,Human Resources,84262.95
Winn,Eykel,57,Reno,Support,92791.11
Lotti,Rallinshaw,36,Balakhta,Sales,84810.75
Larisa,Dudman,61,Tanbu,Services,60772.0
Jasen,McKall,52,Pendolo,Research and Development,77526.4
Goraud,Sawdy,41,Fresnes,Research and Development,90465.87
Matt,Wordington,35,Bealanana,Accounting,79925.65
Dulcia,Gotter,40,Krajan Dua Sumbersari,Accounting,60967.98
Jemimah,Ollin,64,Laon,Support,76459.12
Archer,Caustic,58,Estreito,Accounting,73194.94
Wang,O'Sesnane,42,Heitan,Business Development,69230.0
Andreana,Keave,25,Sirghāyā,Business Development,86745.47
Stace,Stroobant,54,Trnava,Training,81047.11
Chip,Faraker,59,Gongjiahe,Human Resources,52021.25
Linc,Haddon,57,Hirosaki,Marketing,82784.75
Alfonse,Vertigan,69,Bogorodsk,Engineering,102254.79
Lefty,Han,53,Andekantor,Product Management,96768.4
Edmund,Gisborne,55,Kristiansand S,Engineering,76012.09
Coriss,Henner,,Krajan,Marketing,63501.71
Giffie,Leveridge,62,Grenoble,Human Resources,72586.98
Zea,Soall,64,Perlez,Engineering,82683.02
Mechelle,Warde,42,Kanganpur,Research and Development,85906.07
Archambault,Tappor,47,Haugesund,Support,69488.42
Zia,Dominelli,54,Subic,Support,80317.65
Wash,Chellam,68,Prilep,Product Management,86386.0
Denice,Lickess,32,Kompaniyivka,Accounting,72047.48
Boone,Jillings,44,Timba Timuk,Human Resources,78732.44
Denny,Tappin,26,Nybro,Sales,60105.99
Cosette,Claessens,52,Itumbiara,Product Management,74364.51
Goldi,Haycroft,41,Ketanggi,Accounting,63598.34
Stacee,Ferrieres,55,Haninge,Research and Development,90509.6
Cristina,Sommerton,50,Warren,Support,80510.78
Bary,Scandrick,33,Rachanie,Business Development,93810.88
Helenka,Baddiley,48,Diamantina,Business Development,73022.36
Gawain,Coweuppe,49,Paka,Accounting,82005.24
Zachariah,Tribell,,Falun,Marketing,84919.7
Mindy,Sharrocks,39,Santa Luzia,Research and Development,91577.56
Ilene,Elcum,37,Várzea da Palma,Services,67780.93
Yoshi,Vany,41,Donglu,Legal,60506.77
Frieda,Cicccitti,65,Xigaoshan,Engineering,49098.58
Jarret,Caudwell,65,Hukou,Research and Development,67495.64
Donalt,Yeowell,65,Kimakamak,Product Management,61414.56
Elliott,Hainey`,23,Taozhuang,Marketing,91951.53
Hana,Edgehill,64,Ferapontovo,Services,66592.31
Chrysa,Alberts,57,Zagreb,Engineering,85128.75
Claretta,Nesbeth,43,Machang,Legal,87243.87
Alidia,Tother,42,Peishe,Legal,63132.48
Jacinda,Washbrook,67,Genet,Support,95060.83
Skip,Krojn,57,Sunja,Marketing,83214.38
Franny,Bernetti,59,Qal‘ah-ye Fārsī,Product Management,78365.05
Kelsey,Eaglen,31,Cayenne,Human Resources,59422.44
Eustacia,Danis,44,Castelnaudary,Research and Development,56297.16
Fulton,Lyttle,48,Engel’-Yurt,Sales,91027.56
Tom,Tynan,41,Srubec,Research and Development,99209.92
Fielding,Van der Veldt,51,Awar-awar,Accounting,75959.36
Vivienne,Lednor,39,Minneapolis,Research and Development,70763.6
Shaine,Mockford,44,Nueva Cajamarca,Support,65532.75
Giulietta,Cormack,45,Xinan,Product Management,70980.22
Atlante,Creenan,31,Wolofeo,Legal,70721.44
Catriona,Danieli,63,Laval,Marketing,73718.15
Art,Arundell,31,Krrabë,Product Management,66420.36
Lorrie,Trowell,33,Mnichovo Hradiště,Services,70048.69
Bernice,Tolfrey,36,Panyingkiran,Support,77744.53
Janette,Richen,56,Novyy Svit,Human Resources,73274.68
Marita,Cubbin,36,Qilong,Support,84303.23
Davina,Alpin,31,Brämhult,Business Development,80776.45
Shay,Tomasi,54,Masaran,Product Management,67972.97
Jean,Kedslie,59,Lakeland,Accounting,92683.73
Clair,Yeoland,,Hulyaypole,Engineering,64469.05
Babbette,Alyoshin,38,Mosjøen,Marketing,77287.83
Angelia,Devlin,48,Longquan,Engineering,78684.76
Smitty,Corn,45,Dananshan,Support,71344.17
Gil,Brasse,38,Qümong,Research and Development,99853.59
Ike,Pettus,61,Ndewel,Human Resources,84617.41
Cosette,Provest,29,Anyar,Training,62515.74
Yasmeen,Kopmann,52,Wugong,Human Resources,72028.38
Stinky,Challenor,55,Bandar Seri Begawan,Services,96465.7
Davine,Tapsfield,32,Koronowo,Marketing,64645.89
Ermengarde,Benitez,47,Cuenca,Accounting,71863.39
Rafael,Jacox,50,Bokaa,Research and Development,67265.36
Robinet,Went,53,Pirapozinho,Business Development,57603.55
Riccardo,Stanier,46,Hewa,Marketing,53928.26
Marybeth,Verrier,38,Tamra,Business Development,90479.38
Helaine,Blagbrough,46,Penedo,Sales,82626.34
Bobbette,Mutch,29,Al Hilāliyya,Sales,80772.29
Phillida,Botterill,52,Eybens,Engineering,95683.06
Bevin,Bloor,57,Cullinan,Engineering,91527.32
Ettore,O'Geaney,49,Khlong Luang,Training,54111.37
Elberta,Synnot,69,Floriano,Services,50721.79
Bonni,MacBarron,63,Hendaye,Research and Development,70219.31
Freedman,Lydall,43,Stockholm,Product Management,87359.65
Munroe,Longhorn,52,Sośno,Sales,88728.37
Shaw,Greenroa,46,Chok Chai,Legal,74543.34
Inessa,Lautie,40,Matingain,Business Development,110078.27
Bettine,Arlett,55,Nato,Accounting,86227.92
Cori,Blaisdell,59,Zhenshan,Product Management,68565.31
Ebeneser,Radleigh,42,Babakansalam,Services,57497.04
Johnathan,Stroobant,46,Barwałd Średni,Legal,97684.6
Jayme,Thrift,47,Öjebyn,Training,53592.65
Urbain,Fitchew,68,Citeureup,Engineering,53250.19
Wanda,Winch,54,Ust’-Kalmanka,Product Management,75133.16
Freemon,Farlow,61,Dengfeng,Accounting,84273.49
Laverne,Issacson,76,Nowa Dęba,Accounting,53089.4
Jarrod,Kerridge,48,Nakambala,Engineering,70990.26
Alisun,Sollon,64,Tegalbuleud,Engineering,82077.16
Nikola,Awde,49,Londiani,Engineering,58273.0
Phillida,Canadine,26,Oyam,Sales,82710.64
Charita,Smaridge,55,Krajan Gebangan,Engineering,51789.95
Lethia,Scrange,41,Orsk,Engineering,81850.54
Aubrette,Linfield,38,Trincomalee,Human Resources,65158.42
Stavros,Couling,58,Auch,Business Development,88873.41
Kilian,Roughey,59,Srostki,Sales,87240.09
Morse,Dalman,41,Gabès,Sales,94342.94
Thorstein,Tattoo,70,Chaka,Engineering,76051.05
Juieta,Rowesby,46,Hino,Engineering,65127.39
Rene,Levay,27,Göteborg,Human Resources,74285.53
Otes,Fullun,39,Bilshivtsi,Engineering,48985.69
Charmion,Brodeau,63,Tajumulco,Services,53964.11
Griffin,Reddin,51,Baitu,Marketing,71415.98
Abramo,Agutter,31,Monguno,Accounting,76902.55
Consalve,Penchen,45,Mūsá Qal‘ah,Legal,81939.0
Davis,Firmin,60,Mamonovo,Product Management,73352.1
Cindra,Shortall,41,Nuevo Arraiján,Accounting,68711.37
Tobe,Beynke,56,Kalpin,Product Management,53333.27
Lola,Itzhak,51,Ugac Sur,Human Resources,69103.16
Marysa,Lowdham,40,Charqueadas,Marketing,51567.75
Samara,Gauchier,48,Panunggangan,Support,70142.79
Sophi,Bubear,49,Mao’ershan,Human Resources,59990.93
Stafford,Sterry,44,Monroe,Engineering,75719.09
Chelsae,Steabler,52,Bastos,Legal,59976.6
Morty,Dorsett,24,Dangjiaxian,Product Management,86400.06
Edie,Faivre,52,Picassinos,Legal,61207.95
Archibaldo,Willment,28,Sapporo,Support,67506.76
Tod,Busch,34,Długosiodło,Marketing,73281.05
Bunni,McMillam,51,Svetlyy,Sales,59515.76
Izak,Pettiward,47,Matinha,Marketing,80070.18
Anastasia,Cossey,64,Hagi,Human Resources,69800.07
Tom,Stockdale,72,Santo Ângelo,Legal,80758.77
Arny,Creane,37,Jinping,Accounting,67366.47
Anne-marie,Gisbey,41,Burirao,Marketing,89289.38
Neall,Harroway,,Selorejo,Engineering,77813.09
Lanny,Hammerman,23,Kiaranonggeng,Engineering,63459.08
Ezequiel,Town,47,Kangmei,Services,63050.6
Aube,Arkcoll,50,Ai Tu,Support,59803.23
Dougy,Cowern,39,Pantai,Marketing,88870.35
Juliann,Elstob,46,Francisco I Madero,Research and Development,75000.94
Lucinda,Joyson,34,Cortez,Product Management,79583.78
Emanuele,Sutch,38,Weihe,Human Resources,81591.52
Gregoire,Leys,56,Dziewin,Sales,59430.06
Otis,Atton,48,Mirocin,Engineering,102597.43
Ailbert,Farrell,34,Piraju,Support,58415.64
Melvyn,Sherston,50,Charleston,Engineering,82871.22
Andrey,Piggens,49,Manassas,Accounting,99134.35
Mariya,Franschini,58,Adiaké,Training,46760.97
Kelsey,Clampton,56,Kiritsy,Training,78800.13
Inge,Matsell,38,Grootfontein,Business Development,49655.15
Viviene,Remirez,50,Encrucijada,Support,77881.49
Lemuel,Prenty,40,Heshang,Business Development,65008.32
Ambros,McWilliams,43,Nai Harn,Business Development,85867.66
Evanne,Macey,43,Oratorio,Services,59880.92
Moe,De Ferraris,62,Arjawinangun,Product Management,97616.99
Huntley,Tarver,47,Tsukawaki,Support,70859.83
Monika,Sherborn,53,Stockholm,Services,68086.31
Angelica,Steynor,48,Victoria,Product Management,76611.9
Nadeen,Rampage,44,Iset’,Product Management,80607.92
Coralie,Drage,59,Sosnovka,Accounting,94437.96
Cordie,Goldfinch,38,Cola,Training,76574.13
Bethany,Duddan,48,Daxbet,Training,51077.39
Olympe,Drinkel,41,Colima,Engineering,70627.35
Donica,Criag,72,Sapat,Accounting,89466.53
Brier,Assad,62,Santa Apolonia,Engineering,84123.81
Patience,Killbey,48,Moita,Sales,64130.91
Thorsten,Hincham,24,Jenggawah,Business Development,61262.63
Benito,Iwanowski,49,Portela,Product Management,78181.85
Arley,Scammonden,67,Kallífytos,Product Management,91575.8
Ashia,Nairns,45,Doushaguan,Human Resources,82241.84
Nataline,Vivien,23,Beskolen,Human Resources,76183.27
Julita,Graal,54,Ankou,Research and Development,100261.21
Demetrius,Hamper,31,Ubon Ratchathani,Legal,77399.19
Grantley,Slader,46,Volkhov,Business Development,54621.46
Idelle,Steinhammer,64,Kuršėnai,Legal,91765.63
Kerry,Coaten,70,Desa Borogojol,Services,84482.2
Fairfax,Plowell,38,Thị Trấn Yên Ninh,Support,69473.39
Kalle,Accomb,36,Pierzchnica,Research and Development,84206.5
Reade,Velti,33,Talok,Engineering,96151.69
Barry,Halwill,16,Delgerhaan,Sales,94488.32
Shaylynn,Lawrenceson,39,Tapon,Services,44266.99
Kordula,Trussell,47,Gazli,Accounting,70623.83
Johann,Pybus,42,Nyanza,Marketing,58012.33
Mia,Edwardes,35,Benito Juarez,Research and Development,95789.47
Serene,Haggis,,Nanshao,Human Resources,74553.99
Barde,Whapple,27,Novoorsk,Human Resources,86345.58
Missie,Boldecke,68,Esquipulas,Research and Development,83569.55
Lauri,Breewood,67,Aldergrove,Training,61359.84
Emiline,Berrigan,30,Shāzand,Training,86789.37
Fernandina,Hatwell,33,Aldeia da Bela Vista,Training,68053.15
Normie,Sivill,47,Marseille,Research and Development,72897.71
Chaddie,Scotchforth,64,Panitan,Accounting,87154.08
Kelsey,Lowes,55,Temanjang,Human Resources,97992.9
Noemi,Wyne,,Sanli,Legal,54371.77
Winona,Libbie,56,Tierp,Accounting,76856.99
Michel,Dufaur,29,Sainte-Anne-de-Bellevue,Research and Development,64348.57
Daisie,Beric,61,T’aebaek,Accounting,84054.53
Clint,Norres,67,Libas,Research and Development,83874.98
Angelica,Spowart,41,Pleasant Point,Services,74391.62
Ad,Aylesbury,70,Losari,Accounting,70909.31
Otto,Rundall,41,Vyksa,Accounting,58758.49
Reilly,Farenden,36,Damaying,Training,77691.33
Grissel,Curedell,20,Mata-Utu,Legal,84758.9
Binni,McGarrell,67,Nogueira do Cravo,Sales,53145.94
Janka,Yurinov,26,Erie,Research and Development,62712.1
Simonette,Castilla,56,Wangcao,Human Resources,68071.42
Vanda,Cozby,64,Rokietnica,Engineering,93711.19
Lauretta,Pocknell,44,Lianhe,Training,62982.64
Regan,Marquis,36,Xinshao,Accounting,66252.48
Dale,Gelsthorpe,60,Tbilisskaya,Human Resources,53139.61
Gino,Goacher,30,Jeseník,Human Resources,57560.0
Inger,Lavender,40,Amizmiz,Business Development,78270.7
Ned,Rathe,48,Gorichevo,Engineering,108148.37
Wendi,Sevier,59,Cajolá,Product Management,63257.33
Talbot,Lowings,82,Solna,Marketing,39785.11
Moore,Winton,47,Champerico,Services,63409.55
Marielle,Mitchely,58,Banān,Human Resources,48513.4
Michel,Hurrion,43,Chengxi,Human Resources,69951.17
Bengt,Rannie,28,Banpu,Support,66947.56
Simonette,Duffil,57,Polloc,Support,71021.53
Pauly,Leibold,64,Marne-la-Vallée,Marketing,68393.55
Daryl,Fever,45,Ambulong,Sales,64856.33
Reinhard,Greenroad,72,Călăraşi,Marketing,75073.33
Ogdan,Lopes,62,Chigasaki,Training,87671.46
Marne,Cundict,44,Almirante,Legal,89960.9
Andres,Tynan,39,Tingloy,Research and Development,75612.85
Jarrad,Gildersleaves,49,Al Qaţn,Sales,63119.89
Idell,Winder,55,Sobreiro,Legal,82551.78
Obadias,Scothern,43,Kyllíni,Training,83147.0
Leoine,Fitton,47,Ciganaria,Product Management,69294.09
Tuck,Karolowski,44,Dingshu,Marketing,54907.14
Meta,Tutton,31,Fuquan,Human Resources,61718.52
Tudor,Bovingdon,39,Ouro Preto do Oeste,Accounting,83567.59
Rolfe,Franzolini,40,Fatufaun,Services,66460.49
Lauralee,Bulter,40,Qarqīn,Product Management,80795.38
Meggie,Ayrs,81,Shabel’skoye,Marketing,75462.71
Malinda,Dorkin,24,Luoqiao,Product Management,78146.15
Elvyn,Cawte,59,Baddomalhi,Training,79850.46
Imojean,Eddie,,Ballina,Sales,79325.26
Elsi,Streeten,33,Koceljeva,Support,61573.44
Parke,Rodden,60,Dobra,Training,70664.77
Farrel,Verbruggen,34,Eastern Suburbs Mc,Business Development,66086.65
Bendite,Gotliffe,25,Oroqen Zizhiqi,Services,76686.71
Nataniel,Grzegorek,71,Horvati,Support,78755.18
Shanan,Heeley,53,Sanli,Training,70798.48
Mavis,Philipp,62,Dogonbadan,Support,87897.85
Bernie,Yarrow,34,Rosetta,Services,61294.48
Hamil,Deplacido,50,Mapalacsiao,Training,68150.88
Gawain,Dunmore,51,Itaí,Sales,65017.68
Felix,Whatsize,62,Lutun,Services,71612.47
Bessie,Wethered,39,Dolgoderevenskoye,Training,87307.57
Etan,Sainsbury,62,Panite,Accounting,66442.54
Brinn,Turnor,49,San Fernando de Monte Cristi,Sales,68179.07
Theodore,O'Cahsedy,63,Al Qarmadah,Support,65412.75
Clemens,McGaughie,57,Gannan,Product Management,86945.81
Lissy,Blazi,33,Timahankrajan,Business Development,91009.04
Angeline,Edel,53,Opatovice nad Labem,Support,63019.52
Eugen,Matthieson,79,Nanshan,Services,92190.43
Feodora,Lagneaux,50,Krajanpagowan,Human Resources,91074.16
Tannie,Soda,56,Barmash,Sales,82434.57
Giulio,Cheak,67,Oued Lill,Research and Development,65064.68
Candra,Filkov,58,Satrejan,Accounting,83708.67
Hannie,Sweetzer,61,Kisela Voda,Marketing,79076.43
Gerta,Chatt,57,Novomoskovsk,Sales,92615.29
Lurline,Hebron,53,Il’inskiy Pogost,Training,74767.89
Angelina,Gregorio,38,Kongwan,Legal,81783.95
Gweneth,McGreary,65,Abashiri,Engineering,65209.76
Seward,Hirthe,44,Yao’an,Engineering,59544.2
Shanna,Beebe,45,Ancahuasi,Sales,69795.42
Eric,Elmhurst,51,Pulau Pinang,Training,90172.73
Agathe,Bamell,58,Matayumtayum,Engineering,85775.37
Delaney,Kleinschmidt,73,Gangkoujie,Services,83184.33
Allyson,Stearns,53,Colcabamba,Engineering,67435.59
Anestassia,Mitrovic,29,Itagibá,Services,89975.3
Ranique,Abotson,62,Caetité,Human Resources,82685.09
Melly,Cuberley,52,Villamontes,Business Development,76182.65
Thornton,Webley,53,Canoas,Accounting,62409.13
Genovera,Wipfler,69,Sumberkindagan,Product Management,60020.14
Lisha,Fidoe,32,Torrevieja,Accounting,39117.12
Lexie,Belfit,43,Santa Bárbara,Accounting,99949.1
Land,Stenning,86,Caopie,Business Development,57017.6
Roger,Grundy,50,Jishi,Support,70457.25
Lorrie,Sigfrid,,Tangzhuang,Support,85851.61
Trstram,Killelay,58,Cibeureum,Services,80486.0
Sandi,Cobon,63,Atsipópoulon,Marketing,67315.38
Marta,Insole,22,San Ramón,Engineering,71013.21
Eveline,Comley,68,Maslovka,Research and Development,68839.69
Palm,Holson,47,Sandaoba,Marketing,74465.98
Carlynne,McCritchie,42,Dome,Engineering,78111.84
Aldwin,Barkess,34,Manjacaze,Training,50114.53
Mada,Heineken,29,Zaytā,Services,63994.63
Roshelle,Vardon,33,Makiv,Training,44001.97
Antin,Arnley,54,Songzhuang,Accounting,57813.54
Way,Rappa,64,Lipnica Wielka,Product Management,65022.3
Byron,Leband,64,Moss,Marketing,48743.81
Shay,Fortnum,49,Trairi,Marketing,61015.25
Bernette,Ismead,36,Lai Cách,Business Development,71346.8
Waneta,Bartles,25,Cicurug,Services,98071.55
Sigfrid,Bubb,47,Libertad,Business Development,49463.27
Sloan,Siuda,,Fria,Sales,66624.33
Miranda,Lathaye,36,Mungui,Training,81091.38
Lauralee,Lautie,63,Haylaastay,Business Development,82355.86
Bethany,Swainger,52,Ejidal,Business Development,64925.27
Sukey,Carnow,45,Tisno,Services,82314.51
Swen,Connop,,Sungai Nyamuk,Engineering,91315.51
Lacie,Pashe,43,Nagpandayan,Business Development,92610.44
Lita,Allchorne,48,Monastir,Engineering,67780.55
Griffin,Cottey,66,Huanshi,Sales,76202.02
Aline,D'Oyley,60,Mogotes,Research and Development,79173.66
Neville,Paris,,Tafí Viejo,Services,68188.09
Tadio,Everingham,37,Colombes,Accounting,63766.79
Corabel,Wick,58,Gò Quao,Accounting,56973.54
Natala,Clopton,74,Galovac,Accounting,98244.36
Ursuline,Vacher,68,Terjan,Marketing,73345.39
Barbara,Stainsby,,Asia,Product Management,73470.79
Consalve,Raggles,48,Kalahang,Product Management,41448.77
Elfie,Seeley,49,Višnjevac,Marketing,73673.56
Lari,Hammerberger,40,Nāgarpur,Marketing,55563.7
Leonanie,Brittin,49,Banjar Parekan,Business Development,91580.23
Reilly,Bruun,55,Saint-Avertin,Accounting,73770.96
Liuka,Pinney,51,Changdai,Research and Development,44644.85
Zulema,Emes,60,Paris 08,Engineering,74879.81
Bobette,Brownlee,61,Kenamoen,Engineering,64462.97
Fan,Shimmans,56,Yokosuka,Engineering,72171.65
Parrnell,Cratchley,49,Bamako,Support,88976.58
Collie,Mularkey,62,Klimavichy,Product Management,72390.78
Shara,Grinin,58,Balboa,Business Development,57062.13
Ransell,Rollo,40,Notranje Gorice,Support,89077.26
Ingrim,Bruneton,48,Uryupinsk,Engineering,59313.44
Iseabal,Jenkerson,44,Marte,Business Development,66415.84
Janot,Crush,57,Sbikha,Services,46918.32
Carmine,Pickover,44,Azul,Business Development,78023.84
Mia,Larkcum,44,Hujra,Legal,67387.46
Wain,Borkin,,Caimitillo,Support,79639.97
Wenona,Muttitt,69,Jarānwāla,Training,70234.49
Sybille,McGibbon,30,Qiubin,Marketing,66296.88
Nickolai,Stredwick,44,Velille,Sales,96473.81
Cecil,Tireman,93,Kagoshima-shi,Training,82419.0
Rosette,Phillipson,65,Luga,Sales,94558.38
Clint,Simka,58,Darenzhuang,Marketing,87639.77
Berna,McGuff,45,Beauvais,Engineering,59101.56
Lauren,Jowle,54,Oporapa,Marketing,66448.0
Sophronia,Bartot,,Nikolayevka,Research and Development,69591.68
Jacky,Dillingston,51,Sūq Şirwāḩ,Product Management,88189.3
Madelon,Brade,51,Borne Sulinowo,Marketing,51007.85
Nathan,Bussey,56,Chernyshkovskiy,Services,67254.91
Cassaundra,MacDuffie,,Midões,Legal,85645.16
Ethelred,Gillmor,51,Uujim,Services,74718.24
Selig,Youd,45,Pérama,Accounting,56284.52
Carolyn,Brosoli,54,Hasaki,Accounting,84315.01
Talbot,Stonbridge,57,Porto Ferreira,Accounting,73681.14
Nicol,Tonner,48,Waingapu,Business Development,68850.01
Shalna,Grishakov,56,Johor Bahru,Business Development,66733.33
Fredrika,Argrave,53,Tigre,Research and Development,74288.42
Jedd,Tanti,,Chanhe,Sales,93584.0
